{"cameraMode":{"drawMode":0,"name":"Shaded","section":"Shading Mode"},"sceneLighting":false,"audioPlay":false,"sceneViewState":{"showFog":false,"showMaterialUpdate":false,"showSkybox":false,"showFlares":false,"showImageEffects":false,"showParticleSystems":false},"in2DMode":false,"pivot":{"x":218.90341186523438,"y":-65.0708999633789,"z":335.28387451171877},"rotation":{"x":-0.11370383203029633,"y":-0.40684300661087038,"z":0.05071553960442543,"w":-0.9050977826118469},"size":461.6857604980469,"orthographic":false}