{"cameraMode":{"drawMode":0,"name":"Shaded","section":"Shading Mode"},"sceneLighting":false,"audioPlay":false,"sceneViewState":{"showFog":false,"showMaterialUpdate":false,"showSkybox":false,"showFlares":false,"showImageEffects":false,"showParticleSystems":false},"in2DMode":false,"pivot":{"x":1.5043537616729737,"y":1.4612325429916382,"z":-0.5587291717529297},"rotation":{"x":0.10243609547615051,"y":0.2339368313550949,"z":-0.02369789592921734,"w":0.9667295813560486},"size":6.600625991821289,"orthographic":false}