{"cameraMode":{"drawMode":0,"name":"Shaded","section":"Shading Mode"},"sceneLighting":false,"audioPlay":false,"sceneViewState":{"showFog":false,"showMaterialUpdate":false,"showSkybox":false,"showFlares":false,"showImageEffects":false,"showParticleSystems":false},"in2DMode":false,"pivot":{"x":0.3880675435066223,"y":1.0997304916381837,"z":-0.0552828311920166},"rotation":{"x":0.10162065178155899,"y":0.11211086064577103,"z":-0.010457485914230347,"w":0.9886059165000916},"size":3.6126160621643068,"orthographic":false}