{"cameraMode":{"drawMode":0,"name":"Shaded","section":"Shading Mode"},"sceneLighting":false,"audioPlay":false,"sceneViewState":{"showFog":false,"showMaterialUpdate":false,"showSkybox":false,"showFlares":false,"showImageEffects":false,"showParticleSystems":false},"in2DMode":false,"pivot":{"x":27.36039161682129,"y":9.658536911010743,"z":263.06256103515627},"rotation":{"x":0.013472276739776135,"y":-0.9510820508003235,"z":0.04483016952872276,"w":0.30586037039756777},"size":-0.39808517694473269,"orthographic":false}