{"cameraMode":{"drawMode":0,"name":"Shaded","section":"Shading Mode"},"sceneLighting":false,"audioPlay":false,"sceneViewState":{"showFog":true,"showMaterialUpdate":false,"showSkybox":true,"showFlares":true,"showImageEffects":true,"showParticleSystems":true},"in2DMode":false,"pivot":{"x":-65.19793701171875,"y":-10.490646362304688,"z":322.0638732910156},"rotation":{"x":-0.20823203027248383,"y":0.6258195042610169,"z":-0.1784733682870865,"w":-0.7301648259162903},"size":373.1523132324219,"orthographic":false}