{"cameraMode":{"drawMode":0,"name":"Shaded","section":"Shading Mode"},"sceneLighting":false,"audioPlay":false,"sceneViewState":{"showFog":false,"showMaterialUpdate":false,"showSkybox":false,"showFlares":false,"showImageEffects":false,"showParticleSystems":false},"in2DMode":false,"pivot":{"x":-295.2546081542969,"y":-245.93402099609376,"z":405.4659423828125},"rotation":{"x":-0.05681047961115837,"y":0.7708417773246765,"z":-0.6307821273803711,"w":-0.06926506757736206},"size":784.6417846679688,"orthographic":false}