{"cameraMode":{"drawMode":0,"name":"Shaded","section":"Shading Mode"},"sceneLighting":false,"audioPlay":false,"sceneViewState":{"showFog":false,"showMaterialUpdate":false,"showSkybox":false,"showFlares":false,"showImageEffects":false,"showParticleSystems":false},"in2DMode":false,"pivot":{"x":-881.7272338867188,"y":96.09062194824219,"z":728.8797607421875},"rotation":{"x":0.13108721375465394,"y":-0.6838634014129639,"z":0.12884175777435304,"w":0.7063567638397217},"size":924.1734619140625,"orthographic":false}