{"cameraMode":{"drawMode":0,"name":"Shaded","section":"Shading Mode"},"sceneLighting":false,"audioPlay":false,"sceneViewState":{"showFog":false,"showMaterialUpdate":false,"showSkybox":false,"showFlares":false,"showImageEffects":false,"showParticleSystems":false},"in2DMode":false,"pivot":{"x":-314.1995544433594,"y":-0.259429931640625,"z":657.2333984375},"rotation":{"x":0.3696087598800659,"y":-0.47560444474220278,"z":0.22987985610961915,"w":0.7644837498664856},"size":117.04602813720703,"orthographic":false}