{"cameraMode":{"drawMode":0,"name":"Shaded","section":"Shading Mode"},"sceneLighting":false,"audioPlay":false,"sceneViewState":{"showFog":true,"showMaterialUpdate":false,"showSkybox":true,"showFlares":true,"showImageEffects":true,"showParticleSystems":true},"in2DMode":false,"pivot":{"x":-22.05364990234375,"y":-51.921173095703128,"z":206.31442260742188},"rotation":{"x":-0.20249560475349427,"y":0.7710842490196228,"z":-0.29713356494903567,"w":-0.5254905819892883},"size":284.5235290527344,"orthographic":false}