{"cameraMode":{"drawMode":0,"name":"Shaded","section":"Shading Mode"},"sceneLighting":false,"audioPlay":false,"sceneViewState":{"showFog":false,"showMaterialUpdate":false,"showSkybox":false,"showFlares":false,"showImageEffects":false,"showParticleSystems":false},"in2DMode":false,"pivot":{"x":565.674560546875,"y":-232.46554565429688,"z":509.5076599121094},"rotation":{"x":-0.2639752924442291,"y":-0.5034041404724121,"z":0.1628655344247818,"w":-0.8066883683204651},"size":715.1746826171875,"orthographic":false}