{"cameraMode":{"drawMode":0,"name":"Shaded","section":"Shading Mode"},"sceneLighting":false,"audioPlay":false,"sceneViewState":{"showFog":false,"showMaterialUpdate":false,"showSkybox":false,"showFlares":false,"showImageEffects":false,"showParticleSystems":false},"in2DMode":false,"pivot":{"x":28.61054801940918,"y":-24.2661190032959,"z":196.75619506835938},"rotation":{"x":-0.07296343147754669,"y":0.8347973823547363,"z":0.11628547310829163,"w":0.5334858894348145},"size":12.849723815917969,"orthographic":false}